number,file,url,git_blob_sha
1,1.webp,https://raw.githubusercontent.com/shotasn/vivi-images/main/1.webp,19de2721c4e12bdd3f6f52b1dbadc84f46463d1a
2,2.webp,https://raw.githubusercontent.com/shotasn/vivi-images/main/2.webp,70c6718aa80748672cb2048030c79dcf7157e470
3,3.webp,https://raw.githubusercontent.com/shotasn/vivi-images/main/3.webp,e884c43145e79bfadb1d937f2e8a297d4487bb8d
4,4.webp,https://raw.githubusercontent.com/shotasn/vivi-images/main/4.webp,0a5de2ab7e08ba96f03289235ce848f176f760cf
5,5.webp,https://raw.githubusercontent.com/shotasn/vivi-images/main/5.webp,db90f9bb15fd237f6314b21f9664f60f27c52dbb
6,6.webp,https://raw.githubusercontent.com/shotasn/vivi-images/main/6.webp,4fc8ab800125f838c9f8d5f0ce0a67ff2bf2e0da
7,7.webp,https://raw.githubusercontent.com/shotasn/vivi-images/main/7.webp,438d8785455bba1c802139d5d6d8d2db6c1fbc4d
8,8.webp,https://raw.githubusercontent.com/shotasn/vivi-images/main/8.webp,a6f4d010767ce749a2477f05af7496cf64e70e4a
9,9.webp,https://raw.githubusercontent.com/shotasn/vivi-images/main/9.webp,b03a63699a90b7d813018862d85e0866652efaa4
10,10.webp,https://raw.githubusercontent.com/shotasn/vivi-images/main/10.webp,bb6322f800c981ae0adf4c6dd80a6f19d3a2228e
11,11.webp,https://raw.githubusercontent.com/shotasn/vivi-images/main/11.webp,95035a4b90288718d60409a027fff6d05ba329a3
12,12.webp,https://raw.githubusercontent.com/shotasn/vivi-images/main/12.webp,de111fb0c0ae69df8727cd9b0b4b347d0b0b8865
13,13.webp,https://raw.githubusercontent.com/shotasn/vivi-images/main/13.webp,d70c9043b40bf3d8ec91ffd754cf8a5357647a6d
14,14.webp,https://raw.githubusercontent.com/shotasn/vivi-images/main/14.webp,34a02dc5c925296f7122cad5da286f42ca73113b
20,20.webp,https://raw.githubusercontent.com/shotasn/vivi-images/main/20.webp,3f57267a66194333adebe12724a013701623e0cc
21,21.webp,https://raw.githubusercontent.com/shotasn/vivi-images/main/21.webp,93ac1f5434479143f122649db7128396bd627670
22,22.webp,https://raw.githubusercontent.com/shotasn/vivi-images/main/22.webp,08aedcb7d9978666470c3c182fd5f2c2419509d0
23,23.webp,https://raw.githubusercontent.com/shotasn/vivi-images/main/23.webp,d415950fced6fa61b0d58e77545ef909c43bce6e
24,24.webp,https://raw.githubusercontent.com/shotasn/vivi-images/main/24.webp,613ef609a09518b1ab49efbbf0eca212c56beec0
25,25.webp,https://raw.githubusercontent.com/shotasn/vivi-images/main/25.webp,6a31ee9306bae2e73be255f2cb8a1f2bb7ffe111
26,26.webp,https://raw.githubusercontent.com/shotasn/vivi-images/main/26.webp,c911f11b72fb27aec33e78e538c6963c36490262
27,27.webp,https://raw.githubusercontent.com/shotasn/vivi-images/main/27.webp,b1b3e347cb3dd4bc7bd1a8fd69dd4a57cbd0167f
40,40.webp,https://raw.githubusercontent.com/shotasn/vivi-images/main/40.webp,658f29c63c10f123361a1d72e37a153005a2253b
41,41.webp,https://raw.githubusercontent.com/shotasn/vivi-images/main/41.webp,53faa90c9cc479f8c97365c69b0c8f7ec2fada50
42,42.webp,https://raw.githubusercontent.com/shotasn/vivi-images/main/42.webp,4796d88b7f5217051ee3fe18628bf48c1fd4e98e
43,43.webp,https://raw.githubusercontent.com/shotasn/vivi-images/main/43.webp,201374d2fce93ef6cbd5bf17432e4c2d58e956fc
44,44.webp,https://raw.githubusercontent.com/shotasn/vivi-images/main/44.webp,9f12c84c3776e9e74ee4b47623e50c99fe6dc04e
60,60.webp,https://raw.githubusercontent.com/shotasn/vivi-images/main/60.webp,4e3ce74febbecfefdd5a0f3176947f22097126b2
61,61.webp,https://raw.githubusercontent.com/shotasn/vivi-images/main/61.webp,e9144cd05b0ade40e6e334eebfd65aa4e3b4fb5b
62,62.webp,https://raw.githubusercontent.com/shotasn/vivi-images/main/62.webp,28d37a4cdac5d09df133be030d16ba403e67d311
70,70.webp,https://raw.githubusercontent.com/shotasn/vivi-images/main/70.webp,210d403e7230f989592d2ef0548bae7fdf4ff40a
71,71.webp,https://raw.githubusercontent.com/shotasn/vivi-images/main/71.webp,10ba31c42172cb4ab53f1058b6aa773505c16efc
80,80.webp,https://raw.githubusercontent.com/shotasn/vivi-images/main/80.webp,ee70e5164e390f20a8603ca584ff9d3c35f35f05
101,101.webp,https://raw.githubusercontent.com/shotasn/vivi-images/main/101.webp,959702633bf0270732e426959b0c8fc520512897
102,102.webp,https://raw.githubusercontent.com/shotasn/vivi-images/main/102.webp,a79b5794dddf31de7044a7667d928d7db8bafcfb
103,103.webp,https://raw.githubusercontent.com/shotasn/vivi-images/main/103.webp,95777c7c94fc47207a5148a74a38ffe05b412f61
104,104.webp,https://raw.githubusercontent.com/shotasn/vivi-images/main/104.webp,0a695e4fbf3b10408ab62cba3b7998530d706f1d
105,105.webp,https://raw.githubusercontent.com/shotasn/vivi-images/main/105.webp,402d6dd2cdc746a175e32c93158cbcb89599a8b6
106,106.webp,https://raw.githubusercontent.com/shotasn/vivi-images/main/106.webp,299846fadd94395c83e04e51dd41cf26cb73604d
120,120.webp,https://raw.githubusercontent.com/shotasn/vivi-images/main/120.webp,630869ae582312e2cbd0c328d73bba7f5717923c
121,121.webp,https://raw.githubusercontent.com/shotasn/vivi-images/main/121.webp,6627c3c8e9260766386efec58293ecc926f82652
122,122.webp,https://raw.githubusercontent.com/shotasn/vivi-images/main/122.webp,6c1f19964b7e94747cde61b97e68085e7cb9c5e8
123,123.webp,https://raw.githubusercontent.com/shotasn/vivi-images/main/123.webp,b08b6940186e53c64c974edc0f1c077d41d9a85c
124,124.webp,https://raw.githubusercontent.com/shotasn/vivi-images/main/124.webp,8296dfb060fb52ebcc67aace1bc4a630870c26ab
125,125.webp,https://raw.githubusercontent.com/shotasn/vivi-images/main/125.webp,653d28f9005ec9314704008f29cbb4d770661654
140,140.webp,https://raw.githubusercontent.com/shotasn/vivi-images/main/140.webp,3b55943c498c9812de725b937de58eba1028314b
141,141.webp,https://raw.githubusercontent.com/shotasn/vivi-images/main/141.webp,32df971e50c0f118edce9dcf152566743a5a02fc
142,142.webp,https://raw.githubusercontent.com/shotasn/vivi-images/main/142.webp,6b6a18e35f2d74879ea05003b25eaf3390bad8f5
143,143.webp,https://raw.githubusercontent.com/shotasn/vivi-images/main/143.webp,a8bd113c5cd53d16cbfeb8afee7948ae2b557d0e
144,144.webp,https://raw.githubusercontent.com/shotasn/vivi-images/main/144.webp,d234e432dd8f3cd29148b3e8a04d315defece27e
145,145.webp,https://raw.githubusercontent.com/shotasn/vivi-images/main/145.webp,475ce72a19cb408f90df5ee3dc3fa3fd19e05db6
146,146.webp,https://raw.githubusercontent.com/shotasn/vivi-images/main/146.webp,db5ffcb5de25b528ce83de232340d7dd1ea10880
160,160.webp,https://raw.githubusercontent.com/shotasn/vivi-images/main/160.webp,0e3fd0b20a3e59455ccd068370bafaef5224ec91
161,161.webp,https://raw.githubusercontent.com/shotasn/vivi-images/main/161.webp,0a2f4d265405c0cace0acc57cb350f7128e2957f
162,162.webp,https://raw.githubusercontent.com/shotasn/vivi-images/main/162.webp,cbed476be48325b1d7e8020053f56c2b6d5814bf
163,163.webp,https://raw.githubusercontent.com/shotasn/vivi-images/main/163.webp,648936f23f0ce2e1405602cc4beee829a76555b2
164,164.webp,https://raw.githubusercontent.com/shotasn/vivi-images/main/164.webp,ab8f30413e136d760baa695e7746fa04a947e03b
180,180.webp,https://raw.githubusercontent.com/shotasn/vivi-images/main/180.webp,5d4638be1e990a82f8e4ac5d2fd9ef1f84cf4415
181,181.webp,https://raw.githubusercontent.com/shotasn/vivi-images/main/181.webp,9b8c47c4cedce333c16c13897a1ff95c49532d4c
182,182.webp,https://raw.githubusercontent.com/shotasn/vivi-images/main/182.webp,9db1eeb22e205bdc9177caef1950204d7cc5f2f5
183,183.webp,https://raw.githubusercontent.com/shotasn/vivi-images/main/183.webp,143b689ed77a642c83e63ff3986ab1e3551fc867
184,184.webp,https://raw.githubusercontent.com/shotasn/vivi-images/main/184.webp,38cef8924e2c529cdab9c6d7104eda2eb5c4f801
200,200.webp,https://raw.githubusercontent.com/shotasn/vivi-images/main/200.webp,9852a94891f1b92d74d23a46887c519de9e0f0ef
201,201.webp,https://raw.githubusercontent.com/shotasn/vivi-images/main/201.webp,d18ca265d482aa2378ce00ebd8e261c5e02975eb
202,202.webp,https://raw.githubusercontent.com/shotasn/vivi-images/main/202.webp,6a9162f9e720b0b219232d1010ea9da9dec494b2
203,203.webp,https://raw.githubusercontent.com/shotasn/vivi-images/main/203.webp,b254cda2af20eae81051a890cafcf19282bcffa3
204,204.webp,https://raw.githubusercontent.com/shotasn/vivi-images/main/204.webp,6ca8274d385651a03aabb88064700ca484d3a24b
205,205.webp,https://raw.githubusercontent.com/shotasn/vivi-images/main/205.webp,b9fd33c4d58cd6bcaf1d01a0f6923f5e4529cd0a
206,206.webp,https://raw.githubusercontent.com/shotasn/vivi-images/main/206.webp,4fa74a4d065ed1d9c04bff7c98d88fed847aba88
207,207.webp,https://raw.githubusercontent.com/shotasn/vivi-images/main/207.webp,f5211561b9fc6d2ac389fed9282cf7add1759bcd
208,208.webp,https://raw.githubusercontent.com/shotasn/vivi-images/main/208.webp,15f516b25c945a2811e0605e2711b360246d3c7b
209,209.webp,https://raw.githubusercontent.com/shotasn/vivi-images/main/209.webp,fd74812a17ea9f046e37aecdd6c6d7dcd9c50057
210,210.webp,https://raw.githubusercontent.com/shotasn/vivi-images/main/210.webp,c5c3f40f72d5b85de382af1c616498272c0a5c5e
211,211.webp,https://raw.githubusercontent.com/shotasn/vivi-images/main/211.webp,eb5f7f98105272656abe39a581fe64e9eeb31aa9
212,212.webp,https://raw.githubusercontent.com/shotasn/vivi-images/main/212.webp,ab585fdd2a7c21b119aab4b6312937b5ad8d9955
213,213.webp,https://raw.githubusercontent.com/shotasn/vivi-images/main/213.webp,902e88aad7d6a7ee248b3b29b90f26d354393e86
214,214.webp,https://raw.githubusercontent.com/shotasn/vivi-images/main/214.webp,d567f81077415ecfb3d7ae0847e3209a867e2f23
230,230.webp,https://raw.githubusercontent.com/shotasn/vivi-images/main/230.webp,6cceeaab3c892061859696bf0b5460037308f960

